Price,Rating
"26,990",3.9 out of 5 stars
"68,490",3.0 out of 5 stars
"1,13,990",3.9 out of 5 stars
"20,990",3.3 out of 5 stars
"17,990",3.5 out of 5 stars
"15,490",4.5 out of 5 stars
"30,980",5.0 out of 5 stars
"16,490",4.5 out of 5 stars
"48,990",3.9 out of 5 stars
"1,24,990",5.0 out of 5 stars
"95,841",3.7 out of 5 stars
"26,990",3.9 out of 5 stars
"68,490",3.0 out of 5 stars
"74,990",3.1 out of 5 stars
"34,490",3.9 out of 5 stars
"35,790",4.3 out of 5 stars
"21,990",3.3 out of 5 stars
"30,570",4.0 out of 5 stars
"45,999",4.3 out of 5 stars
"23,620",4.0 out of 5 stars
"24,990",4.0 out of 5 stars
"12,990",3.1 out of 5 stars
"74,990",3.1 out of 5 stars
"95,841",3.7 out of 5 stars
"1,24,990",5.0 out of 5 stars
"1,24,990",5.0 out of 5 stars
"33,990",4.0 out of 5 stars
"86,990",4.1 out of 5 stars
"42,838",5.0 out of 5 stars
"31,999",4.1 out of 5 stars
"66,990",3.7 out of 5 stars
"33,990",4.0 out of 5 stars
"20,990",3.3 out of 5 stars
"17,990",3.5 out of 5 stars
"15,490",4.5 out of 5 stars
"33,990",4.0 out of 5 stars
"30,980",5.0 out of 5 stars
"16,490",4.5 out of 5 stars
"48,990",3.9 out of 5 stars
"26,399",3.4 out of 5 stars
"1,13,990",3.9 out of 5 stars
"26,990",3.9 out of 5 stars
"68,490",3.0 out of 5 stars
"34,490",3.9 out of 5 stars
"35,790",4.3 out of 5 stars
"21,990",3.3 out of 5 stars
"69,990",4.0 out of 5 stars
"30,570",4.0 out of 5 stars
"45,999",4.3 out of 5 stars
"23,620",4.0 out of 5 stars
"24,990",4.0 out of 5 stars
"12,990",3.1 out of 5 stars
"1,13,990",3.9 out of 5 stars
"74,990",3.1 out of 5 stars
"1,24,990",5.0 out of 5 stars
"33,990",4.0 out of 5 stars
"86,990",4.1 out of 5 stars
"42,838",5.0 out of 5 stars
"42,838",5.0 out of 5 stars
"31,999",4.1 out of 5 stars
"66,990",3.7 out of 5 stars
"33,990",4.0 out of 5 stars
"20,990",3.3 out of 5 stars
"17,990",3.5 out of 5 stars
"15,490",4.5 out of 5 stars
"30,980",5.0 out of 5 stars
"16,490",4.5 out of 5 stars
"48,990",3.9 out of 5 stars
"31,999",4.1 out of 5 stars
"1,24,990",5.0 out of 5 stars
"95,841",3.7 out of 5 stars
"26,990",3.9 out of 5 stars
"68,490",3.0 out of 5 stars
"34,490",3.9 out of 5 stars
"35,790",4.3 out of 5 stars
"21,990",3.3 out of 5 stars
"30,570",4.0 out of 5 stars
"45,999",4.3 out of 5 stars
"23,620",4.0 out of 5 stars
"66,990",3.7 out of 5 stars
"24,990",4.0 out of 5 stars
"12,990",3.1 out of 5 stars
"1,13,990",3.9 out of 5 stars
"74,990",3.1 out of 5 stars
"1,24,990",5.0 out of 5 stars
"33,990",4.0 out of 5 stars
"86,990",4.1 out of 5 stars
"42,838",5.0 out of 5 stars
"31,999",4.1 out of 5 stars
"66,990",3.7 out of 5 stars
"33,990",4.0 out of 5 stars
"33,990",4.0 out of 5 stars
"20,990",3.3 out of 5 stars
"17,990",3.5 out of 5 stars
"15,490",4.5 out of 5 stars
"30,980",5.0 out of 5 stars
"16,490",4.5 out of 5 stars
"48,990",3.9 out of 5 stars
"1,24,990",5.0 out of 5 stars
"95,841",3.7 out of 5 stars
"26,990",3.9 out of 5 stars
"20,990",3.3 out of 5 stars
"68,490",3.0 out of 5 stars
"34,490",3.9 out of 5 stars
"35,790",4.3 out of 5 stars
"21,990",3.3 out of 5 stars
"30,570",4.0 out of 5 stars
"45,999",4.3 out of 5 stars
"23,620",4.0 out of 5 stars
"24,990",4.0 out of 5 stars
"12,990",3.1 out of 5 stars
"1,13,990",3.9 out of 5 stars
"34,490",3.9 out of 5 stars
"17,990",3.5 out of 5 stars
"74,990",3.1 out of 5 stars
"1,24,990",5.0 out of 5 stars
"33,990",4.0 out of 5 stars
"69,990",4.0 out of 5 stars
"42,838",5.0 out of 5 stars
"31,999",4.1 out of 5 stars
"66,990",3.7 out of 5 stars
"33,990",4.0 out of 5 stars
"20,990",3.3 out of 5 stars
"17,990",3.5 out of 5 stars
"15,490",4.5 out of 5 stars
"15,490",4.5 out of 5 stars
"30,980",5.0 out of 5 stars
"16,490",4.5 out of 5 stars
"48,990",3.9 out of 5 stars
"1,24,990",5.0 out of 5 stars
"95,841",3.7 out of 5 stars
"26,990",3.9 out of 5 stars
"68,490",3.0 out of 5 stars
"34,490",3.9 out of 5 stars
"35,790",4.3 out of 5 stars
"30,980",5.0 out of 5 stars
"21,990",3.3 out of 5 stars
"30,570",4.0 out of 5 stars
"45,999",4.3 out of 5 stars
"23,620",4.0 out of 5 stars
"24,990",4.0 out of 5 stars
"12,990",3.1 out of 5 stars
"1,13,990",3.9 out of 5 stars
"74,990",3.1 out of 5 stars
"1,24,990",5.0 out of 5 stars
"33,990",4.0 out of 5 stars
"16,490",4.5 out of 5 stars
"69,990",4.0 out of 5 stars
"42,838",5.0 out of 5 stars
"31,999",4.1 out of 5 stars
"66,990",3.7 out of 5 stars
"33,990",4.0 out of 5 stars
"20,990",3.3 out of 5 stars
"17,990",3.5 out of 5 stars
"15,490",4.5 out of 5 stars
"30,980",5.0 out of 5 stars
"16,490",4.5 out of 5 stars
"48,990",3.9 out of 5 stars
"48,990",3.9 out of 5 stars
"1,24,990",5.0 out of 5 stars
"95,841",3.7 out of 5 stars
"26,990",3.9 out of 5 stars
"68,490",3.0 out of 5 stars
"34,490",3.9 out of 5 stars
"35,790",4.3 out of 5 stars
"21,990",3.3 out of 5 stars
"30,570",4.0 out of 5 stars
"45,999",4.3 out of 5 stars
"1,24,990",5.0 out of 5 stars
"23,620",4.0 out of 5 stars
"24,990",4.0 out of 5 stars
"12,990",3.1 out of 5 stars
"1,13,990",3.9 out of 5 stars
"74,990",3.1 out of 5 stars
"1,24,990",5.0 out of 5 stars
"33,990",4.0 out of 5 stars
"86,990",4.1 out of 5 stars
"42,838",5.0 out of 5 stars
"31,999",4.1 out of 5 stars
"95,841",3.7 out of 5 stars
"66,990",3.7 out of 5 stars
"33,990",4.0 out of 5 stars
"20,990",3.3 out of 5 stars
"17,990",3.5 out of 5 stars
"15,490",4.5 out of 5 stars
"30,980",5.0 out of 5 stars
"16,490",4.5 out of 5 stars
"48,990",3.9 out of 5 stars
"1,24,990",5.0 out of 5 stars
"95,841",3.7 out of 5 stars
"26,990",3.9 out of 5 stars
"26,990",3.9 out of 5 stars
"68,490",3.0 out of 5 stars
"34,490",3.9 out of 5 stars
"35,790",4.3 out of 5 stars
"21,990",3.3 out of 5 stars
"30,570",4.0 out of 5 stars
"45,999",4.3 out of 5 stars
"23,620",4.0 out of 5 stars
"24,990",4.0 out of 5 stars
"12,990",3.1 out of 5 stars
"68,490",3.0 out of 5 stars
"1,13,990",3.9 out of 5 stars
"74,990",3.1 out of 5 stars
"1,24,990",5.0 out of 5 stars
"33,990",4.0 out of 5 stars
"86,990",4.1 out of 5 stars
"42,838",5.0 out of 5 stars
"31,999",4.1 out of 5 stars
"66,990",3.7 out of 5 stars
"33,990",4.0 out of 5 stars
"20,990",3.3 out of 5 stars
"34,490",3.9 out of 5 stars
"17,990",3.5 out of 5 stars
"15,490",4.5 out of 5 stars
"30,980",5.0 out of 5 stars
"16,490",4.5 out of 5 stars
"48,990",3.9 out of 5 stars
"1,24,990",5.0 out of 5 stars
"95,841",3.7 out of 5 stars
"26,990",3.9 out of 5 stars
"68,490",3.0 out of 5 stars
"34,490",3.9 out of 5 stars
"35,790",4.3 out of 5 stars
"35,790",4.3 out of 5 stars
"35,790",4.3 out of 5 stars
"21,990",3.3 out of 5 stars
"30,570",4.0 out of 5 stars
"45,999",4.3 out of 5 stars
"23,620",4.0 out of 5 stars
"24,990",4.0 out of 5 stars
"12,990",3.1 out of 5 stars
"1,13,990",3.9 out of 5 stars
"74,990",3.1 out of 5 stars
"1,24,990",5.0 out of 5 stars
"21,990",3.3 out of 5 stars
"33,990",4.0 out of 5 stars
"69,990",4.0 out of 5 stars
"42,838",5.0 out of 5 stars
"31,999",4.1 out of 5 stars
"66,990",3.7 out of 5 stars
"33,990",4.0 out of 5 stars
"20,990",3.3 out of 5 stars
"17,990",3.5 out of 5 stars
"15,490",4.5 out of 5 stars
"30,980",5.0 out of 5 stars
"30,570",4.0 out of 5 stars
"16,490",4.5 out of 5 stars
"48,990",3.9 out of 5 stars
"1,24,990",5.0 out of 5 stars
"95,841",3.7 out of 5 stars
"26,990",3.9 out of 5 stars
"68,490",3.0 out of 5 stars
"34,490",3.9 out of 5 stars
"35,790",4.3 out of 5 stars
"21,990",3.3 out of 5 stars
"30,570",4.0 out of 5 stars
"45,999",4.3 out of 5 stars
"45,999",4.3 out of 5 stars
"23,620",4.0 out of 5 stars
"24,990",4.0 out of 5 stars
"12,990",3.1 out of 5 stars
"1,13,990",3.9 out of 5 stars
"74,990",3.1 out of 5 stars
"1,24,990",5.0 out of 5 stars
"33,990",4.0 out of 5 stars
"69,990",4.0 out of 5 stars
"42,838",5.0 out of 5 stars
"23,620",4.0 out of 5 stars
"31,999",4.1 out of 5 stars
"66,990",3.7 out of 5 stars
"33,990",4.0 out of 5 stars
"20,990",3.3 out of 5 stars
"17,990",3.5 out of 5 stars
"15,490",4.5 out of 5 stars
"30,980",5.0 out of 5 stars
"16,490",4.5 out of 5 stars
"48,990",3.9 out of 5 stars
"1,24,990",5.0 out of 5 stars
"24,990",4.0 out of 5 stars
"95,841",3.7 out of 5 stars
"26,990",3.9 out of 5 stars
"68,490",3.0 out of 5 stars
"34,490",3.9 out of 5 stars
"35,790",4.3 out of 5 stars
"21,990",3.3 out of 5 stars
"30,570",4.0 out of 5 stars
"45,999",4.3 out of 5 stars
"23,620",4.0 out of 5 stars
"24,990",4.0 out of 5 stars
"12,990",3.1 out of 5 stars
"12,990",3.1 out of 5 stars
"1,13,990",3.9 out of 5 stars
"74,990",3.1 out of 5 stars
"1,24,990",5.0 out of 5 stars
"33,990",4.0 out of 5 stars
"86,990",4.1 out of 5 stars
"42,838",5.0 out of 5 stars
"31,999",4.1 out of 5 stars
"66,990",3.7 out of 5 stars
"33,990",4.0 out of 5 stars
"1,13,990",3.9 out of 5 stars
"20,990",3.3 out of 5 stars
"17,990",3.5 out of 5 stars
"15,490",4.5 out of 5 stars
"30,980",5.0 out of 5 stars
"16,490",4.5 out of 5 stars
"48,990",3.9 out of 5 stars
"1,24,990",5.0 out of 5 stars
"95,841",3.7 out of 5 stars
"26,990",3.9 out of 5 stars
"68,490",3.0 out of 5 stars
"74,990",3.1 out of 5 stars
"34,490",3.9 out of 5 stars
"35,790",4.3 out of 5 stars
"21,990",3.3 out of 5 stars
"30,570",4.0 out of 5 stars
"45,999",4.3 out of 5 stars
"23,620",4.0 out of 5 stars
"24,990",4.0 out of 5 stars
"12,990",3.1 out of 5 stars
"1,13,990",3.9 out of 5 stars
"74,990",3.1 out of 5 stars
"1,24,990",5.0 out of 5 stars
"1,24,990",5.0 out of 5 stars
"33,990",4.0 out of 5 stars
"69,990",4.0 out of 5 stars
"42,838",5.0 out of 5 stars
"31,999",4.1 out of 5 stars
"66,990",3.7 out of 5 stars
"33,990",4.0 out of 5 stars
"20,990",3.3 out of 5 stars
"17,990",3.5 out of 5 stars
"15,490",4.5 out of 5 stars
"21,990",3.3 out of 5 stars
"33,990",4.0 out of 5 stars
"30,980",5.0 out of 5 stars
"16,490",4.5 out of 5 stars
"48,990",3.9 out of 5 stars
"1,24,990",5.0 out of 5 stars
"95,841",3.7 out of 5 stars
"26,990",3.9 out of 5 stars
"68,490",3.0 out of 5 stars
"34,490",3.9 out of 5 stars
"35,790",4.3 out of 5 stars
"21,990",3.3 out of 5 stars
"86,990",4.1 out of 5 stars
"30,570",4.0 out of 5 stars
"45,999",4.3 out of 5 stars
"23,620",4.0 out of 5 stars
"24,990",4.0 out of 5 stars
"12,990",3.1 out of 5 stars
"1,13,990",3.9 out of 5 stars
"74,990",3.1 out of 5 stars
"1,24,990",5.0 out of 5 stars
"33,990",4.0 out of 5 stars
"86,990",4.1 out of 5 stars
"42,838",5.0 out of 5 stars
"42,838",5.0 out of 5 stars
"31,999",4.1 out of 5 stars
"66,990",3.7 out of 5 stars
"33,990",4.0 out of 5 stars
"20,990",3.3 out of 5 stars
"17,990",3.5 out of 5 stars
"15,490",4.5 out of 5 stars
"30,980",5.0 out of 5 stars
"16,490",4.5 out of 5 stars
"48,990",3.9 out of 5 stars
"31,999",4.1 out of 5 stars
"1,24,990",5.0 out of 5 stars
"95,841",3.7 out of 5 stars
"26,990",3.9 out of 5 stars
"68,490",3.0 out of 5 stars
"34,490",3.9 out of 5 stars
"35,790",4.3 out of 5 stars
"21,990",3.3 out of 5 stars
"1,24,990",5.0 out of 5 stars
"33,990",4.0 out of 5 stars
"69,990",4.0 out of 5 stars
"66,990",3.7 out of 5 stars
"42,838",5.0 out of 5 stars
"31,999",4.1 out of 5 stars
"30,570",4.0 out of 5 stars
"45,999",4.3 out of 5 stars
"23,620",4.0 out of 5 stars
"24,990",4.0 out of 5 stars
"12,990",3.1 out of 5 stars
"1,13,990",3.9 out of 5 stars
"74,990",3.1 out of 5 stars
"66,990",3.7 out of 5 stars
"33,990",4.0 out of 5 stars
"33,990",4.0 out of 5 stars
"20,990",3.3 out of 5 stars
"17,990",3.5 out of 5 stars
"15,490",4.5 out of 5 stars
"30,980",5.0 out of 5 stars
"16,490",4.5 out of 5 stars
"48,990",3.9 out of 5 stars
"1,24,990",5.0 out of 5 stars
"95,841",3.7 out of 5 stars
"26,990",3.9 out of 5 stars
"20,990",3.3 out of 5 stars
"68,490",3.0 out of 5 stars
"34,490",3.9 out of 5 stars
"35,790",4.3 out of 5 stars
"21,990",3.3 out of 5 stars
"30,570",4.0 out of 5 stars
"45,999",4.3 out of 5 stars
"23,620",4.0 out of 5 stars
"24,990",4.0 out of 5 stars
"12,990",3.1 out of 5 stars
"1,13,990",3.9 out of 5 stars
"17,990",3.5 out of 5 stars
"74,990",3.1 out of 5 stars
"1,24,990",5.0 out of 5 stars
"33,990",4.0 out of 5 stars
"69,990",4.0 out of 5 stars
"42,838",5.0 out of 5 stars
"31,999",4.1 out of 5 stars
"66,990",3.7 out of 5 stars
"33,990",4.0 out of 5 stars
"20,990",3.3 out of 5 stars
"17,990",3.5 out of 5 stars
"15,490",4.5 out of 5 stars
"15,490",4.5 out of 5 stars
"30,980",5.0 out of 5 stars
"16,490",4.5 out of 5 stars
"48,990",3.9 out of 5 stars
"1,24,990",5.0 out of 5 stars
"95,841",3.7 out of 5 stars
"30,980",5.0 out of 5 stars
"30,570",4.0 out of 5 stars
"16,490",4.5 out of 5 stars
"48,990",3.9 out of 5 stars
"1,24,990",5.0 out of 5 stars
"95,841",3.7 out of 5 stars
"26,990",3.9 out of 5 stars
"68,490",3.0 out of 5 stars
"34,490",3.9 out of 5 stars
"35,790",4.3 out of 5 stars
"21,990",3.3 out of 5 stars
"30,570",4.0 out of 5 stars
"45,999",4.3 out of 5 stars
"45,999",4.3 out of 5 stars
"23,620",4.0 out of 5 stars
"24,990",4.0 out of 5 stars
"12,990",3.1 out of 5 stars
"1,13,990",3.9 out of 5 stars
"74,990",3.1 out of 5 stars
"1,24,990",5.0 out of 5 stars
"33,990",4.0 out of 5 stars
"86,990",4.1 out of 5 stars
"42,838",5.0 out of 5 stars
"23,620",4.0 out of 5 stars
"31,999",4.1 out of 5 stars
"66,990",3.7 out of 5 stars
"33,990",4.0 out of 5 stars
"20,990",3.3 out of 5 stars
"17,990",3.5 out of 5 stars
"15,490",4.5 out of 5 stars
"30,980",5.0 out of 5 stars
"16,490",4.5 out of 5 stars
"48,990",3.9 out of 5 stars
"1,24,990",5.0 out of 5 stars
"24,990",4.0 out of 5 stars
"95,841",3.7 out of 5 stars
"26,990",3.9 out of 5 stars
"68,490",3.0 out of 5 stars
"34,490",3.9 out of 5 stars
"35,790",4.3 out of 5 stars
"21,990",3.3 out of 5 stars
"30,570",4.0 out of 5 stars
"45,999",4.3 out of 5 stars
"23,620",4.0 out of 5 stars
"24,990",4.0 out of 5 stars
"12,990",3.1 out of 5 stars
"12,990",3.1 out of 5 stars
"1,13,990",3.9 out of 5 stars
"74,990",3.1 out of 5 stars
"1,24,990",5.0 out of 5 stars
"33,990",4.0 out of 5 stars
"86,990",4.1 out of 5 stars
"42,838",5.0 out of 5 stars
"31,999",4.1 out of 5 stars
"66,990",3.7 out of 5 stars
"33,990",4.0 out of 5 stars
