property_url,Rent,Sub-Type,Furnishing,Listed By,Car Parking,Meals Included,error
https://www.olx.in/item/pg-guest-houses-c1449-with-food-boys-pg-in-mohali-in-mohali-punjab-iid-1785977997,"₹ 6,500",PG,Furnished,Owner,1,Yes,
https://www.olx.in/item/pg-guest-houses-c1449-om-sai-pg-for-both-girls-and-boys-in-mohali-punjab-iid-1806752975,"₹ 6,500",PG,Furnished,Owner,3+,Yes,
https://www.olx.in/item/pg-guest-houses-c1449-full-frnichd-1bhk-kharar-landra-rad-sbp-shar-flat-indpandid-in-mohali-punjab-iid-1809150998,"₹ 7,500",Roommate,Furnished,Owner,1,Yes,
https://www.olx.in/item/pg-guest-houses-c1449-pg-for-boys-near-sector-72-73-74-or-75-mohali-in-mohali-punjab-iid-1785978926,"₹ 6,500",PG,Furnished,Owner,1,Yes,
https://www.olx.in/item/pg-guest-houses-c1449-pg-for-boys-near-72-73-74-or-75-sector-mohali-in-mohali-punjab-iid-1789327776,"₹ 8,000",PG,Furnished,Owner,1,Yes,
https://www.olx.in/item/pg-guest-houses-c1449-room-partner-in-mohali-punjab-iid-1809050657,"₹ 3,500",Roommate,Furnished,Builder,1,,
https://www.olx.in/item/pg-guest-houses-c1449-pg-for-boys-and-girls-near-industrial-area-mohali-in-mohali-punjab-iid-1785978755,"₹ 6,500",PG,Furnished,Owner,1,Yes,
https://www.olx.in/item/pg-guest-houses-c1449-pg-for-girls-in-industrial-area-phase-8b-mohali-iid-1803125740,"₹ 6,500",PG,Furnished,Owner,3+,Yes,
https://www.olx.in/item/pg-guest-houses-c1449-paying-guest-for-professionals-in-industrial-area-phase-8-mohali-iid-1797196027,"₹ 10,000",PG,Furnished,Owner,3+,Yes,
https://www.olx.in/item/pg-guest-houses-c1449-pg-for-boys-in-sector-59-phase-5-mohali-iid-1808954541,"₹ 7,000",PG,Furnished,Owner,3+,Yes,
https://www.olx.in/item/pg-guest-houses-c1449-roommate-chahiye-boy-in-balongi-mohali-iid-1809742539,N/A,,,,,,Main content missing
https://www.olx.in/item/pg-guest-houses-c1449-pg-for-girls-in-sector-59-phase-5-mohali-iid-1778872915,"₹ 6,500",PG,Furnished,Owner,2,Yes,
https://www.olx.in/item/pg-guest-houses-c1449-walk-in-premium-guesthouse-in-sector-71-mohali-iid-1797154066,"₹ 9,000",Guest Houses,Furnished,Owner,3+,Yes,
https://www.olx.in/item/pg-guest-houses-c1449-clean-pg-for-boys-in-ph-5-sec-59-near-by-8b-sec-74-75-in-sector-74-mohali-iid-1751063642,"₹ 6,500",PG,Furnished,Owner,3+,Yes,
https://www.olx.in/item/pg-guest-houses-c1449-affordable-pg-for-girls-in-large-space-rooms-capacity-5-in-sector-117-mohali-iid-1808804847,"₹ 5,500",PG,Furnished,Owner,3+,No,
https://www.olx.in/item/pg-guest-houses-c1449-pg-for-boys-janta-market-sector-60-in-sector-60-phase-3b2-mohali-iid-1809731117,"₹ 6,000",PG,Furnished,Owner,3+,Yes,
https://www.olx.in/item/pg-guest-houses-c1449-luxury-pg-with-ac-beds-food-lift-power-backup-rent-9500-in-sector-92-mohali-iid-1809039683,"₹ 9,500",PG,Furnished,Owner,1,,
https://www.olx.in/item/pg-guest-houses-c1449-pg-for-girls-near-hanuman-madir-3b2-sector-60-in-sector-60-phase-3b2-mohali-iid-1809731413,"₹ 6,000",PG,Furnished,Owner,3+,Yes,
https://www.olx.in/item/pg-guest-houses-c1449-pg-for-girls-in-sector-59-mohali-iid-1804327773,"₹ 5,000",PG,Furnished,Owner,0,Yes,
https://www.olx.in/item/pg-guest-houses-c1449-looking-for-roommate-in-sector-59-mohali-iid-1808308914,"₹ 6,000",Roommate,Furnished,Owner,,No,
https://www.olx.in/item/pg-guest-houses-c1449-pg-for-boys-with-food-34-sharing-room-attached-washroom-in-sector-61-mohali-iid-1763348129,"₹ 6,500",PG,Furnished,Owner,3+,Yes,
https://www.olx.in/item/pg-guest-houses-c1449-one-roommate-required-in-balongi-mohali-iid-1809712597,"₹ 2,800",Roommate,Semi-Furnished,Owner,0,No,
https://www.olx.in/item/pg-guest-houses-c1449-im-raaz-need-roommate-only-for-girls-in-balongi-mohali-iid-1809703899,"₹ 2,500",Roommate,Furnished,Owner,2,No,
https://www.olx.in/item/pg-guest-houses-c1449-cleanest-pg-for-boys-in-sec-59-and-70-near-by-sec-7475sohanaph88b-in-sector-74-mohali-iid-1753726067,"₹ 6,500",PG,Furnished,Owner,3+,Yes,
https://www.olx.in/item/pg-guest-houses-c1449-pg-for-boys-in-sector-61-mohali-iid-1809672145,"₹ 7,000",PG,Furnished,Owner,2,Yes,
https://www.olx.in/item/pg-guest-houses-c1449-walk-in-premium-accommodation-guest-house-and-hotel-in-industrial-area-phase-8b-mohali-iid-1797211407,"₹ 9,000",Guest Houses,Furnished,Owner,3+,Yes,
https://www.olx.in/item/pg-guest-houses-c1449-pg-for-boys-with-food-in-sector-71-mohali-iid-1800655126,"₹ 6,500",PG,Furnished,Owner,3+,Yes,
https://www.olx.in/item/pg-guest-houses-c1449-pg-for-boys-girls-near-3b2near-sector71-near-industrial-area-73and74-in-sector-60-phase-3b2-mohali-iid-1757983928,"₹ 7,000",PG,Furnished,Owner,2,Yes,
https://www.olx.in/item/pg-guest-houses-c1449-new-luxury-pg-for-boys-in-phase-7-near-motor-market-in-sector-61-mohali-iid-1809508083,"₹ 6,500",PG,Furnished,Owner,3+,Yes,
https://www.olx.in/item/pg-guest-houses-c1449-pg-for-boys-with-food-attach-washroom-ro-wifi-phase-7-in-mohali-in-sector-60-mohali-iid-1759310764,"₹ 6,500",,,,,Yes,
https://www.olx.in/item/pg-guest-houses-c1449-single-occupancy-room-for-girls-only-in-sector-70-mohali-in-sector-70-mohali-iid-1763121974,"₹ 8,500",PG,Furnished,Owner,0,Yes,
https://www.olx.in/item/pg-guest-houses-c1449-pg-for-boys-with-food-all-facilities-near-moter-market-phase-7-mohali-in-sector-61-mohali-iid-1763156329,"₹ 6,500",PG,Furnished,Owner,1,Yes,
https://www.olx.in/item/pg-guest-houses-c1449-pg-for-girls-with-food-all-facilites-sec-70-near-amar-hospital-mohali-in-sector-70-mohali-iid-1598342906,"₹ 7,000",PG,Furnished,Owner,1,Yes,
https://www.olx.in/item/pg-guest-houses-c1449-pg-for-boys-with-food-attach-washroom-wifi-ro-sec-61-phase-7-mohali-in-sector-61-mohali-iid-1764312220,"₹ 7,000",PG,Furnished,Owner,1,Yes,
https://www.olx.in/item/pg-guest-houses-c1449-fully-furnished-pg-sector-6982-for-girls-with-food-in-sector-91-in-sector-91-mohali-iid-1508546453,"₹ 7,000",PG,Furnished,Owner,3+,Yes,
https://www.olx.in/item/pg-guest-houses-c1449-pg-for-boys-with-food-attached-washroom-phase-7-in-mohali-in-sector-70-mohali-iid-1781538269,"₹ 6,500",PG,Furnished,Owner,2,Yes,
https://www.olx.in/item/pg-guest-houses-c1449-girls-pg-fully-furnished-near-cgc-landran-with-ac-wifi-lpg-gas-in-sector-94-mohali-iid-1809650112,"₹ 5,000",PG,Furnished,Owner,3+,No,
https://www.olx.in/item/pg-guest-houses-c1449-fully-independent-boys-pg-in-sector-61-mohali-iid-1809226500,"₹ 6,500",PG,Furnished,Owner,1,Yes,
https://www.olx.in/item/pg-guest-houses-c1449-pg-for-boys-with-food-3-time-ac-room-near-market-phase-7in-mohali-in-sector-61-mohali-iid-1803031551,"₹ 6,500",PG,Furnished,Owner,0,Yes,
https://www.olx.in/item/pg-guest-houses-c1449-pg-for-boys-in-india-iid-1806951094,"₹ 6,500",PG,,Owner,2,,
https://www.olx.in/item/pg-guest-houses-c1449-pg-for-girls-near-hanuman-mandir-3b2-near-phase-8b-in-industrial-area-phase-8-mohali-iid-1809650709,"₹ 6,000",PG,Furnished,Owner,3+,Yes,
https://www.olx.in/item/pg-guest-houses-c1449-pg-for-girls-with-3-time-food-all-facilities-2-seater-sec-70-mohali-in-sector-70-mohali-iid-1786613734,"₹ 7,000",PG,Furnished,Owner,1,Yes,
https://www.olx.in/item/pg-guest-houses-c1449-best-pg-for-boys-in-sec-59ph5-nd-603b2-near-by-sec-747573-ph88b-in-sector-74-mohali-iid-1755242137,"₹ 6,500",PG,Furnished,Owner,3+,Yes,
https://www.olx.in/item/pg-guest-houses-c1449-with-food-pg-for-girls-in-sec-59-and-70-near-by-747375-ph88b-in-sector-74-mohali-iid-1749611078,"₹ 6,500",PG,Furnished,Owner,3+,Yes,
https://www.olx.in/item/pg-guest-houses-c1449-independent-rooms-pg-in-bar-majra-mohali-iid-1725554752,"₹ 5,500",PG,Semi-Furnished,Owner,0,No,
https://www.olx.in/item/pg-guest-houses-c1449-pg-for-boys-and-girls-near-sector-67-cp-mall-and-bestec-tower-mohali-in-sector-67-mohali-iid-1798578697,"₹ 6,500",PG,Furnished,Owner,3,Yes,
https://www.olx.in/item/pg-guest-houses-c1449-pg-for-boys-in-sector-60-phase-3b2-mohali-iid-1807204591,"₹ 6,500",PG,Furnished,Owner,3,Yes,
https://www.olx.in/item/pg-guest-houses-c1449-pg-for-girls-in-sector-60-near-janta-market-in-sector-60-phase-3b2-mohali-iid-1809621707,"₹ 5,500",PG,Furnished,Owner,3+,Yes,
https://www.olx.in/item/pg-guest-houses-c1449-well-build-with-food-ac-pg-for-boys-girls-phase-7-3b2-mohali-in-sector-61-mohali-iid-1807470317,"₹ 7,000",PG,Furnished,Owner,1,Yes,
https://www.olx.in/item/pg-guest-houses-c1449-boys-girls-couple-family-independent-room-in-bar-majra-mohali-iid-1806996264,"₹ 5,500",PG,Semi-Furnished,Owner,3+,No,
https://www.olx.in/item/pg-guest-houses-c1449-pg-girls-phase-4-mohali-in-sector-59-mohali-iid-1808996063,"₹ 3,100",PG,,Owner,0,No,
https://www.olx.in/item/pg-guest-houses-c1449-need-a-girl-roommate-in-2-seater-room-ready-to-move-in-sector-59-mohali-iid-1808017292,"₹ 4,600",PG,Furnished,Owner,0,No,
https://www.olx.in/item/pg-guest-houses-c1449-boys-pg-without-food-4000rs-only-with-wifi-attached-washroom-in-sector-71-mohali-iid-1782619218,"₹ 4,000",PG,Furnished,Owner,3+,No,
https://www.olx.in/item/pg-guest-houses-c1449-pg-for-boys-in-7-phase-near-sector-67-cp-mall-in-sector-61-mohali-iid-1544514481,"₹ 7,000",PG,Furnished,Owner,3+,Yes,
https://www.olx.in/item/pg-guest-houses-c1449-pg-for-boys-in-sector-71-near-sector-74-in-sector-71-mohali-iid-1800536823,"₹ 7,000",PG,Furnished,Owner,3+,Yes,
https://www.olx.in/item/pg-guest-houses-c1449-room-available-girlsboys-or-couple-8000rswith-kitchen-furnished-in-sector-71-mohali-iid-1782621215,"₹ 8,000",PG,Furnished,Owner,3+,No,
https://www.olx.in/item/pg-guest-houses-c1449-boys-pg-4999rs-with-food-attached-washroom-in-industrial-area-phase-3-mohali-iid-1805251865,"₹ 4,999",PG,Furnished,Owner,3+,Yes,
https://www.olx.in/item/pg-guest-houses-c1449-ac-boys-pg-6500rs-two-seater-attached-washroom-in-industrial-area-phase-3-mohali-iid-1806239403,"₹ 6,500",PG,Furnished,Owner,3+,Yes,
https://www.olx.in/item/pg-guest-houses-c1449-boys-pg-two-seater-5500rs-with-food-attached-washroom-in-industrial-area-phase-3-mohali-iid-1806239380,"₹ 5,500",PG,Furnished,Owner,3+,Yes,
https://www.olx.in/item/pg-guest-houses-c1449-pg-for-girls-in-sector-60-phase-3b2-mohali-iid-1809591704,"₹ 3,000",PG,Semi-Furnished,Owner,0,No,
https://www.olx.in/item/pg-guest-houses-c1449-room-mate-need-in-balongi-mohali-iid-1809118721,"₹ 2,500",Roommate,Semi-Furnished,,1,No,
https://www.olx.in/item/pg-guest-houses-c1449-urgent-room-mate-required-in-balongi-mohali-iid-1809586866,N/A,,,,,,Main content missing
https://www.olx.in/item/pg-guest-houses-c1449-pg-for-boys-in-sector-60-mohali-iid-1807483602,"₹ 6,500",PG,Furnished,Owner,1,Yes,
https://www.olx.in/item/pg-guest-houses-c1449-to-let-for-girls-pg-in-landran-mohali-iid-1809586489,"₹ 7,000",PG,Furnished,Owner,3+,No,
https://www.olx.in/item/pg-guest-houses-c1449-shahi-majra-independent-one-room-with-kitchenatach-washroom-in-sector-59-phase-5-mohali-iid-1792005603,"₹ 6,500",PG,Furnished,Owner,2,No,
https://www.olx.in/item/pg-guest-houses-c1449-pg-for-boys-in-sector-60-mohali-iid-1809586190,"₹ 6,500",PG,Furnished,Owner,1,Yes,
https://www.olx.in/item/pg-guest-houses-c1449-affordable-ac-and-non-ac-rooms-for-girls-8-capacity-in-large-rooms-in-sector-117-mohali-iid-1809305516,"₹ 5,500",PG,Furnished,Owner,2,No,
https://www.olx.in/item/pg-guest-houses-c1449-fully-independent-1room-set-near-tp-it-tower-and-qurqk-city-mohali-in-sector-74-mohali-iid-1791369911,"₹ 3,999",PG,Semi-Furnished,Owner,3+,Yes,
https://www.olx.in/item/pg-guest-houses-c1449-pg-for-boys-in-sector-69-mohali-iid-1803790362,"₹ 6,500",PG,Furnished,Owner,3+,Yes,
https://www.olx.in/item/pg-guest-houses-c1449-pg-rooms-near-mohali-chandigarh-5500-with-bed-mattress-and-almira-in-balongi-mohali-iid-1777883602,"₹ 5,000",PG,Furnished,Owner,0,No,
https://www.olx.in/item/pg-guest-houses-c1449-roommate-required-boygirl-any-in-balongi-mohali-iid-1809555108,"₹ 2,000",Roommate,Unfurnished,Owner,0,No,
https://www.olx.in/item/pg-guest-houses-c1449-walk-in-corporate-house-in-sector-74-mohali-iid-1797156332,"₹ 9,000",Guest Houses,Furnished,Owner,3+,Yes,
https://www.olx.in/item/pg-guest-houses-c1449-sco-22-nijjar-road-in-sector-126-mohali-iid-1807987153,"₹ 5,000",Guest Houses,Furnished,Owner,1,No,
https://www.olx.in/item/pg-guest-houses-c1449-room-available-for-monthly-rent-basis-in-sector-126-mohali-iid-1807849946,"₹ 6,000",PG,Furnished,Owner,0,No,
https://www.olx.in/item/pg-guest-houses-c1449-one-room-set-with-basic-ammeneties-available-for-rent-in-sohana-village-mohali-iid-1808126568,"₹ 8,000",PG,Furnished,Owner,1,No,
https://www.olx.in/item/pg-guest-houses-c1449-newly-pg-for-girls-opp-8bsec-74-industrial-area-in-sector-74-mohali-iid-1769892642,"₹ 6,500",PG,Furnished,Owner,3+,Yes,
https://www.olx.in/item/pg-guest-houses-c1449-fully-furnished-girls-pg-in-phase-2-mohali-in-phase-2-mohali-iid-1794531252,"₹ 6,000",PG,Furnished,Owner,0,No,
https://www.olx.in/item/pg-guest-houses-c1449-sharing-pg-for-girls-nearbysec747375-in-sector-74-mohali-iid-1751060202,"₹ 5,000",PG,Furnished,Owner,3+,Yes,
https://www.olx.in/item/pg-guest-houses-c1449-pg-girls-only-in-sector-56-mohali-iid-1809547909,"₹ 4,000",PG,Furnished,Owner,1,No,
https://www.olx.in/en-in/item/pg-guest-houses-c1449-3time-food-ac-gyser-fan-24gate-opn-in-sector-60-mohali-iid-1809541884,"₹ 6,500",Roommate,Furnished,Owner,1,Yes,
https://www.olx.in/en-in/item/pg-guest-houses-c1449-on-road-leading-to-sec-74-pg-for-boys-opened-today-2-seaters-only-in-sector-74-mohali-iid-1797791859,"₹ 6,500",PG,Furnished,Owner,3+,Yes,
https://www.olx.in/en-in/item/pg-guest-houses-c1449-i-m-looking-a-roommatefemale-or-male-in-mauli-mohali-iid-1808180637,"₹ 4,500",Roommate,Furnished,Dealer,1,No,
https://www.olx.in/en-in/item/pg-guest-houses-c1449-corporate-house-guest-housepg-for-professionals-in-sector-74-mohali-iid-1797200667,"₹ 9,000",Guest Houses,Furnished,Owner,3+,,
https://www.olx.in/en-in/item/pg-guest-houses-c1449-guest-house-for-corporate-employees-in-sector-71-mohali-iid-1797194608,"₹ 9,000",Guest Houses,Furnished,Owner,3+,Yes,
https://www.olx.in/en-in/item/pg-guest-houses-c1449-two-seater-bedroom-for-girl-with-ac-phase-4-mohali-in-sector-59-mohali-iid-1797796404,"₹ 5,000",PG,Furnished,Dealer,1,,
https://www.olx.in/en-in/item/pg-guest-houses-c1449-looking-for-room-mate-in-balongi-mohali-iid-1808188519,"₹ 2,000",Roommate,Semi-Furnished,Owner,0,No,
https://www.olx.in/en-in/item/pg-guest-houses-c1449-pg-for-boys-with-3-time-food-wi-fi-in-industrial-area-phase-1-mohali-iid-1808198609,"₹ 6,500",PG,Furnished,Owner,1,Yes,
https://www.olx.in/en-in/item/pg-guest-houses-c1449-pg-for-girls-sector-70-12-3-seater-available-in-sector-70-mohali-iid-1808204947,"₹ 7,000",PG,Semi-Furnished,Owner,2,Yes,
https://www.olx.in/en-in/item/pg-guest-houses-c1449-pg-for-girlsindependent-pg-pg-for-only-girls-in-industrial-area-phase-8-mohali-iid-1807404427,"₹ 5,500",PG,Semi-Furnished,Owner,0,No,
https://www.olx.in/en-in/item/pg-guest-houses-c1449-a-class-ac-rooms-for-boys-with-a-class-food-starting-10000-each-in-sector-110-mohali-iid-1809400761,"₹ 10,000",PG,Furnished,Owner,3+,Yes,
https://www.olx.in/en-in/item/pg-guest-houses-c1449-in-3195-new-ro-water-filter-deals-in-sale-service-commercial-ro-in-sector-71-mohali-iid-1809515917,"₹ 4,495",PG,Furnished,Dealer,1,No,
https://www.olx.in/en-in/item/pg-guest-houses-c1449-pg-for-boys-with-3-time-food-in-sector-61-mohali-iid-1797921748,"₹ 6,500",PG,Furnished,Owner,0,Yes,
https://www.olx.in/en-in/item/pg-guest-houses-c1449-only-for-girls-rooms-available-in-independent-and-sharing-in-sector-63-mohali-iid-1712619926,"₹ 3,500",PG,Furnished,Owner,,No,
https://www.olx.in/en-in/item/pg-guest-houses-c1449-ac-homely-pg-for-2-or-3-girls-in-sante-majra-kharar-iid-1808551579,"₹ 8,500",PG,Furnished,Owner,1,Yes,
https://www.olx.in/en-in/item/pg-guest-houses-c1449-in-3195-new-ro-water-filter-deals-in-sale-service-amc-indl-ro-in-sector-117-mohali-iid-1809515710,"₹ 4,495",PG,Furnished,Dealer,1,No,
https://www.olx.in/en-in/item/pg-guest-houses-c1449-pg-for-girls-in-45-phase-in-sector-59-phase-5-mohali-iid-1809496371,"₹ 5,999",PG,Furnished,Owner,1,Yes,
https://www.olx.in/en-in/item/pg-guest-houses-c1449-studio-rooms-in-phase-2-mohali-iid-1807775548,"₹ 7,000",Guest Houses,Furnished,Dealer,1,No,
https://www.olx.in/en-in/item/pg-guest-houses-c1449-pg-for-girls-nearby-sec-74-in-sector-74-mohali-iid-1809487188,"₹ 7,000",PG,Furnished,Owner,3+,Yes,
https://www.olx.in/en-in/item/pg-guest-houses-c1449-it-includes-wifi-food-with-247-security-in-sector-61-mohali-iid-1809494984,"₹ 7,000",PG,Furnished,Owner,3,Yes,
https://www.olx.in/en-in/item/pg-guest-houses-c1449-need-good-roommate-in-balongi-mohali-iid-1808872594,"₹ 2,600",Roommate,Semi-Furnished,Owner,0,No,
https://www.olx.in/en-in/item/pg-guest-houses-c1449-opp-sec-74-pg-for-boys-without-food-in-sector-74-mohali-iid-1797633427,"₹ 6,500",PG,Furnished,Owner,3+,Yes,
https://www.olx.in/en-in/item/pg-guest-houses-c1449-room-for-boys-3b2-mohali-in-sector-60-phase-3b2-mohali-iid-1809479119,"₹ 6,500",PG,Furnished,Owner,0,No,
https://www.olx.in/en-in/item/pg-guest-houses-c1449-pg-for-girls-in-sector-69-mohali-iid-1809485611,"₹ 6,500",PG,Furnished,Owner,3+,Yes,
https://www.olx.in/en-in/item/pg-guest-houses-c1449-pg-for-girls-with-best-food-or-247-gate-entry-or-attached-washroom-in-sector-61-mohali-iid-1809467842,"₹ 8,000",PG,Furnished,Owner,3+,Yes,
https://www.olx.in/en-in/item/pg-guest-houses-c1449-pg-for-girls-2-seater-ac-room-3b2-in-sector-60-phase-3b2-mohali-iid-1808540167,"₹ 7,500",PG,Furnished,Owner,3+,Yes,
https://www.olx.in/en-in/item/pg-guest-houses-c1449-independent-rooms-available-with-attached-washroom-in-sector-52-chandigarh-iid-1805248683,"₹ 9,000",Guest Houses,Semi-Furnished,Owner,3+,No,
https://www.olx.in/en-in/item/pg-guest-houses-c1449-pg-for-boys-sector-58-59-60-74-in-industrial-area-phase-3-mohali-iid-1806944716,"₹ 5,500",PG,Furnished,Owner,3+,Yes,
https://www.olx.in/en-in/item/pg-guest-houses-c1449-boys-pg-with-food-ac-pg-in-sector-59-mohali-iid-1807190475,"₹ 6,099",PG,Furnished,Owner,3+,Yes,
https://www.olx.in/en-in/item/pg-guest-houses-c1449-pg-for-boys-sector-58-59-74-75-phase-1-3-5-7-8-in-sector-74-mohali-iid-1808198453,"₹ 5,500",PG,Furnished,Owner,3+,Yes,
https://www.olx.in/en-in/item/pg-guest-houses-c1449-pg-for-boys-with-food-58-59-74-75-phase-1-3-5-7-8-in-industrial-area-phase-8b-mohali-iid-1808833954,"₹ 5,500",PG,Furnished,Owner,3+,Yes,
https://www.olx.in/en-in/item/pg-guest-houses-c1449-pg-for-boys-phase-7-in-sector-61-mohali-iid-1783266435,"₹ 6,500",PG,Furnished,Owner,3,Yes,
https://www.olx.in/en-in/item/pg-guest-houses-c1449-pg-for-boys-sector-with-food-58-59-74-75-phase-1-3-5-7-8-in-industrial-area-phase-3-mohali-iid-1808722356,"₹ 5,500",PG,Furnished,Owner,3+,Yes,
https://www.olx.in/en-in/item/pg-guest-houses-c1449-pg-for-boys-sector-58-59-60-61-phase-1-3-5-7-8-in-industrial-area-phase-3-mohali-iid-1809142112,"₹ 5,500",PG,Furnished,Owner,3+,Yes,
https://www.olx.in/en-in/item/pg-guest-houses-c1449-good-pg-for-boys-near-ind-area-ph8b-sec-74-in-sector-74-mohali-iid-1797560889,"₹ 6,500",PG,Furnished,Owner,3+,Yes,
https://www.olx.in/en-in/item/pg-guest-houses-c1449-p-g-room-independent-or-sharing-in-sector-86-mohali-iid-1809196888,"₹ 5,000",PG,Furnished,Owner,3,No,
https://www.olx.in/en-in/item/pg-guest-houses-c1449-independent-room-for-one-girl-on-sharing-basis-in-sector-86-mohali-iid-1809451954,"₹ 5,000",Roommate,Furnished,Owner,1,No,
https://www.olx.in/en-in/item/pg-guest-houses-c1449-pg-only-for-girls-with-food-in-sector-70-mohali-iid-1809453099,"₹ 8,000",PG,Furnished,Owner,3+,Yes,
https://www.olx.in/en-in/item/pg-guest-houses-c1449-pg-for-girls-sector-71and-60-near-industrial-area-in-industrial-area-phase-8-mohali-iid-1809449811,"₹ 6,000",PG,Furnished,Owner,3+,Yes,
https://www.olx.in/en-in/item/pg-guest-houses-c1449-pg-and-guest-house-for-employees-in-industrial-area-phase-8-mohali-iid-1797150962,"₹ 10,000",Guest Houses,Furnished,Owner,3+,Yes,
https://www.olx.in/en-in/item/pg-guest-houses-c1449-employee-guest-house-sharing-in-sector-71-mohali-iid-1797157011,"₹ 9,000",Guest Houses,Furnished,Owner,3+,Yes,
https://www.olx.in/en-in/item/pg-guest-houses-c1449-corporate-house-walk-in-guest-house-in-industrial-area-phase-8-mohali-iid-1797153390,"₹ 9,000",Guest Houses,Furnished,Owner,3+,Yes,
https://www.olx.in/en-in/item/pg-guest-houses-c1449-premium-guest-house-walk-in-in-industrial-area-phase-8-mohali-iid-1797149775,"₹ 9,000",Guest Houses,Furnished,Owner,3+,Yes,
https://www.olx.in/en-in/item/pg-guest-houses-c1449-fully-furnished-pg-room-available-in-sector-56-chandigarh-in-sector-56-mohali-iid-1808214961,"₹ 12,000",PG,Furnished,Owner,0,No,
https://www.olx.in/en-in/item/pg-guest-houses-c1449-premium-rooms-for-boys-and-girls-in-sector-74-mohali-iid-1797147824,"₹ 16,000",Guest Houses,Furnished,Owner,3+,Yes,
https://www.olx.in/en-in/item/pg-guest-houses-c1449-independent-room-sohana-main-road-sector-78-mohali-in-sector-77-mohali-iid-1809440186,"₹ 7,500",PG,Semi-Furnished,Owner,0,No,
https://www.olx.in/en-in/item/pg-guest-houses-c1449-well-furnished-luxury-pg-for-boys-in-phase-7-in-sector-61-mohali-iid-1790949221,"₹ 6,500",PG,Furnished,Owner,3+,Yes,
https://www.olx.in/en-in/item/pg-guest-houses-c1449-well-furnished-luxury-pg-for-girls-in-3b1-near-janta-market-in-sector-71-mohali-iid-1731479754,"₹ 6,500",PG,Furnished,Owner,3+,Yes,
https://www.olx.in/en-in/item/pg-guest-houses-c1449-pg-for-boys-in-3b2-and-phase-7-prime-locations-5500-in-sector-61-mohali-iid-1809428070,"₹ 5,500",PG,Furnished,Owner,,Yes,
https://www.olx.in/en-in/item/pg-guest-houses-c1449-pg-for-rent-fully-furnished-in-mauli-mohali-iid-1807254734,"₹ 1,25,000",PG,Furnished,Dealer,3,Yes,
https://www.olx.in/en-in/item/pg-guest-houses-c1449-well-furnished-pg-with-attached-washrooms-boys-girls-co-living-in-industrial-area-phase-8b-mohali-iid-1786104689,"₹ 8,500",PG,Furnished,Owner,3+,Yes,
https://www.olx.in/en-in/item/pg-guest-houses-c1449-urgent-required-for-room-mate-in-balongi-mohali-iid-1808128289,"₹ 3,000",Roommate,Furnished,,3+,No,
https://www.olx.in/en-in/item/pg-guest-houses-c1449-independent-room-fully-furnished-mohali-in-balongi-mohali-iid-1809148428,"₹ 5,500",PG,Semi-Furnished,Owner,1,No,
https://www.olx.in/en-in/item/pg-guest-houses-c1449-pg-for-girls-in-sector-40-in-sector-40d-chandigarh-iid-1751560273,"₹ 3,500",PG,Semi-Furnished,Owner,0,No,
https://www.olx.in/en-in/item/pg-guest-houses-c1449-ac-washing-machine-frigde-only-girl-in-sector-78-mohali-iid-1808781184,"₹ 3,500",Roommate,,,,,
https://www.olx.in/en-in/item/pg-guest-houses-c1449-premium-pg-for-employees-in-sector-71-mohali-iid-1797196858,"₹ 9,000",PG,Furnished,Owner,3+,Yes,
https://www.olx.in/en-in/item/pg-guest-houses-c1449-pg-for-girls-in-sector-60-mohali-iid-1765883316,"₹ 4,200",PG,Furnished,Owner,0,No,
https://www.olx.in/en-in/item/pg-guest-houses-c1449-female-roommate-required-ac-room-on-1st-floor-in-3b1-mohali-in-sector-60-mohali-iid-1809381140,"₹ 4,500",Roommate,Furnished,Owner,0,No,
https://www.olx.in/en-in/item/pg-guest-houses-c1449-without-food-pg-for-girls-sec-70-nearby-74-in-sector-74-mohali-iid-1809373068,"₹ 5,000",PG,Furnished,Owner,3+,No,
https://www.olx.in/en-in/item/pg-guest-houses-c1449-cleanest-pg-for-boys-in-sec-60-and-59-opposite-to-sec74-7573-ph88b-in-sector-74-mohali-iid-1754620809,"₹ 7,000",PG,Furnished,Owner,3+,Yes,
https://www.olx.in/en-in/item/pg-guest-houses-c1449-with-food-clean-pg-for-girls-in-sec-59-74-8b-in-sector-74-mohali-iid-1785335780,"₹ 7,000",PG,Furnished,Owner,3+,No,
https://www.olx.in/en-in/item/pg-guest-houses-c1449-pg-for-boys-2-seater-in-sector-61-mohali-iid-1809342618,"₹ 7,000",PG,Furnished,Owner,2,Yes,
https://www.olx.in/en-in/item/pg-guest-houses-c1449-ac-cooler-roomfridgeinvertorhome-cooked-food-in-sector-111-mohali-iid-1809342353,"₹ 7,000",PG,Semi-Furnished,,1,Yes,
https://www.olx.in/en-in/item/pg-guest-houses-c1449-boy-roommate-cahiye-urgent-in-sector-70-mohali-iid-1809310988,"₹ 2,600",Roommate,Furnished,Owner,3+,No,
https://www.olx.in/en-in/item/pg-guest-houses-c1449-pg-for-girls-in-sohana-village-mohali-iid-1786767809,"₹ 3,300",PG,Furnished,Owner,0,No,
https://www.olx.in/en-in/item/pg-guest-houses-c1449-room-available-for-monthly-rent-basis-in-sector-126-mohali-iid-1807852713,"₹ 6,000",PG,Furnished,Owner,0,No,
https://www.olx.in/en-in/item/pg-guest-houses-c1449-boys-girls-couples-family-independent-rooms-in-bar-majra-mohali-iid-1809293271,"₹ 5,000",PG,Semi-Furnished,Owner,3,No,
https://www.olx.in/en-in/item/pg-guest-houses-c1449-pg-for-girls-with-and-without-food-nearby-sec-74-75-ind-area-8b-in-sector-74-mohali-iid-1786642782,"₹ 6,500",PG,Furnished,Owner,3+,Yes,
https://www.olx.in/en-in/item/pg-guest-houses-c1449-pg-for-girls-in-sector-67-mohali-iid-1809278712,"₹ 4,800",PG,Furnished,Owner,0,No,
https://www.olx.in/en-in/item/pg-guest-houses-c1449-pg-for-boyswith-food-sector-70-in-industrial-area-phase-8-mohali-iid-1809257707,"₹ 6,000",PG,Furnished,Owner,3+,Yes,
https://www.olx.in/en-in/item/pg-guest-houses-c1449-newly-luxurious-pg-for-boys-in-sec-59-n-sec60-near-to-indarea-in-sector-74-mohali-iid-1764506308,"₹ 6,500",PG,Furnished,Owner,3+,Yes,
https://www.olx.in/en-in/item/pg-guest-houses-c1449-pg-for-boys-3-time-food-attach-washroom-free-wifi-phase-7-in-mohali-in-sector-61-mohali-iid-1797042052,"₹ 6,500",,,,,Yes,
https://www.olx.in/en-in/item/pg-guest-houses-c1449-pg-for-boys-in-sector-67-mohali-iid-1785364812,"₹ 8,000",PG,Furnished,Owner,3,Yes,
https://www.olx.in/en-in/item/pg-guest-houses-c1449-pg-for-girlswith-food-near-sector-603b2-in-sector-60-phase-3b2-mohali-iid-1809240525,"₹ 6,000",PG,Furnished,Owner,3+,Yes,
https://www.olx.in/en-in/item/pg-guest-houses-c1449-2-seater-brand-new-pg-for-boys-sec-74-75-8b-in-sector-74-mohali-iid-1797976322,"₹ 6,500",PG,Furnished,Owner,3+,Yes,
https://www.olx.in/en-in/item/pg-guest-houses-c1449-im-looking-for-a-roommate-in-industrial-area-phase-3-mohali-iid-1809194289,"₹ 3,500",Roommate,Furnished,Owner,1,No,
https://www.olx.in/en-in/item/pg-guest-houses-c1449-independent-rooms-in-balongi-mohali-iid-1809219687,"₹ 5,500",PG,Furnished,Owner,1,No,
https://www.olx.in/en-in/item/pg-guest-houses-c1449-rooms-for-rent-in-sante-majra-kharar-iid-1809213567,"₹ 8,000",PG,Semi-Furnished,Owner,0,No,
https://www.olx.in/en-in/item/pg-guest-houses-c1449-gmada-approved-girls-pg-mohali-in-sector-56-mohali-iid-1765357275,"₹ 4,000",PG,Furnished,Owner,3+,No,
https://www.olx.in/en-in/item/pg-guest-houses-c1449-newly-with-food-pg-for-girls-in-sec-5970-near-by-74-75-73-ph8bph8-in-sector-74-mohali-iid-1745794001,"₹ 6,500",PG,Furnished,Owner,3+,Yes,
https://www.olx.in/en-in/item/pg-guest-houses-c1449-pg-for-boys-in-sector-61-chandigarh-iid-1809181190,"₹ 7,000",PG,Furnished,Owner,2,Yes,
https://www.olx.in/en-in/item/pg-guest-houses-c1449-gmada-approved-pg-for-girls-in-sector-56-mohali-iid-1741461682,"₹ 7,500",PG,Furnished,Owner,3+,Yes,
https://www.olx.in/en-in/item/pg-guest-houses-c1449-independent-pg-for-boys-in-sector-60-phase-3b2-mohali-iid-1809125443,"₹ 5,500",PG,Furnished,Owner,3+,Yes,
https://www.olx.in/en-in/item/pg-guest-houses-c1449-pg-for-girls-without-food-with-kitchen-in-sector-59-mohali-iid-1808547732,"₹ 3,500",PG,Furnished,Owner,0,No,
https://www.olx.in/en-in/item/pg-guest-houses-c1449-pg-for-girls-in-sector-60-phase-3b2-mohali-iid-1809125256,"₹ 6,500",PG,Furnished,Owner,3+,Yes,
https://www.olx.in/en-in/item/pg-guest-houses-c1449-pg-room-1bhk-for-mohali-58-59-60-phase-1-2-panchkula-in-industrial-area-phase-3-mohali-iid-1809136042,"₹ 6,500",PG,Furnished,Owner,3+,Yes,
https://www.olx.in/en-in/item/pg-guest-houses-c1449-cleanest-pg-for-boys-in-sec-59-in-sector-74-mohali-iid-1782624122,"₹ 6,500",PG,Furnished,Owner,3+,Yes,
https://www.olx.in/en-in/item/pg-guest-houses-c1449-need-roommate-working-girls-comfortable-to-sharing-with-boy-rooms-in-sector-56-mohali-iid-1808897875,"₹ 3,000",Roommate,Semi-Furnished,Builder,0,No,
https://www.olx.in/en-in/item/pg-guest-houses-c1449-pg-for-boys-sector-70-and-60-in-sector-60-phase-3b2-mohali-iid-1809116382,"₹ 6,000",PG,Furnished,Owner,3+,Yes,
https://www.olx.in/en-in/item/pg-guest-houses-c1449-no-timing-issue-pg-for-girls-in-sector-126-mohali-iid-1809113236,"₹ 3,300",PG,Semi-Furnished,Owner,,No,
https://www.olx.in/en-in/item/pg-guest-houses-c1449-running-pg-for-sale-boys-and-girls-sector-5960-in-sector-60-mohali-iid-1807343482,"₹ 75,000",PG,Furnished,Dealer,3+,Yes,
https://www.olx.in/en-in/item/pg-guest-houses-c1449-pg-for-girls-phase-5-sector-59-in-sector-59-phase-5-mohali-iid-1807324410,"₹ 3,700",PG,Furnished,Owner,,No,
https://www.olx.in/en-in/item/pg-guest-houses-c1449-pg-indipendent-for-girls-sector-6071-near-industrial-area-in-sector-60-phase-3b2-mohali-iid-1809066239,"₹ 6,000",PG,Furnished,Owner,3+,Yes,
https://www.olx.in/en-in/item/pg-guest-houses-c1449-withwithout-food-pg-for-girls-in-sec-70-71-near-by-ph88bsec747573-in-sector-74-mohali-iid-1750956413,"₹ 4,500",PG,Furnished,Owner,3+,No,
https://www.olx.in/en-in/item/pg-guest-houses-c1449-pg-for-boys-in-sec-59-nearby-74758b-industrial-area-in-sector-74-mohali-iid-1797910774,"₹ 6,500",PG,Furnished,Owner,3+,Yes,
https://www.olx.in/en-in/item/pg-guest-houses-c1449-indipendent-single-rooms-available-for-rent-in-sohana-village-mohali-iid-1804535731,"₹ 8,000",PG,Furnished,Owner,1,No,
https://www.olx.in/en-in/item/pg-guest-houses-c1449-best-pg-for-girls-in-sec-59-near-by-ph8ph8bsec-7475-in-sector-74-mohali-iid-1752931194,"₹ 6,500",PG,Furnished,Owner,3+,Yes,
https://www.olx.in/en-in/item/pg-guest-houses-c1449-with-food-boys-pg-phase-911-in-sector-63-mohali-iid-1797579624,"₹ 6,500",PG,Furnished,Owner,1,Yes,
https://www.olx.in/en-in/item/pg-guest-houses-c1449-floor-on-rent-in-sector-117-mohali-iid-1808607665,"₹ 12,000",,Furnished,Owner,1,No,
https://www.olx.in/en-in/item/pg-guest-houses-c1449-pg-for-boys-sector-58-59-70-71-phase-1-3-5-7-8-in-industrial-area-phase-7-mohali-iid-1807353831,"₹ 5,500",PG,Furnished,Owner,3+,Yes,
https://www.olx.in/en-in/item/pg-guest-houses-c1449-pg-for-boys-sector-58-59-74-75-phase-1-3-5-7-8-in-sector-70-mohali-iid-1807576053,"₹ 5,500",PG,Furnished,Owner,3+,Yes,
https://www.olx.in/en-in/item/pg-guest-houses-c1449-pg-for-boys-sector-58-59-60-61-phase-1-3-5-7-8-in-industrial-area-phase-3-mohali-iid-1807995655,"₹ 5,500",PG,Furnished,Owner,3+,Yes,
https://www.olx.in/en-in/item/pg-guest-houses-c1449-roommate-required-in-balongi-mohali-iid-1809018922,"₹ 3,000",Roommate,Semi-Furnished,Dealer,1,No,
https://www.olx.in/en-in/item/pg-guest-houses-c1449-pg-for-boys-with-food-sector-58-59-74-75-phase-1-3-5-7-8-in-industrial-area-phase-3-mohali-iid-1809023350,"₹ 5,500",PG,Furnished,Owner,3+,Yes,
https://www.olx.in/en-in/item/pg-guest-houses-c1449-need-a-girl-roommate-in-sector-68-mohali-iid-1808994947,"₹ 3,100",Roommate,Semi-Furnished,Owner,2,No,
https://www.olx.in/en-in/item/pg-guest-houses-c1449-need-roommate-in-kumbra-6-part-mohali-iid-1809007769,"₹ 6,000",PG,Semi-Furnished,Owner,0,No,
https://www.olx.in/en-in/item/pg-guest-houses-c1449-pg-for-boys-sector-58-70-71-74-in-industrial-area-phase-3-mohali-iid-1808409676,"₹ 5,500",PG,Furnished,Owner,3+,Yes,
https://www.olx.in/en-in/item/pg-guest-houses-c1449-houses-available-for-rent-in-landran-mohali-iid-1808988800,"₹ 8,000",PG,Furnished,Owner,1,Yes,
https://www.olx.in/en-in/item/pg-guest-houses-c1449-pg-for-boys-sector-58-70-74-75-phase-1-3-5-7-8-in-industrial-area-phase-8b-mohali-iid-1808303628,"₹ 5,500",PG,Furnished,Owner,3+,Yes,
https://www.olx.in/en-in/item/pg-guest-houses-c1449-room-pg-available-in-sas-nagar-punjab-iid-1807639911,"₹ 3,500",Guest Houses,Furnished,Dealer,3+,Yes,
https://www.olx.in/en-in/item/pg-guest-houses-c1449-room-for-rent-girl-and-family-in-sector-80-mohali-iid-1808985030,"₹ 7,500",PG,Furnished,Owner,0,No,
https://www.olx.in/en-in/item/pg-guest-houses-c1449-boys-girls-family-couple-independent-rooms-in-bar-majra-mohali-iid-1808983495,"₹ 5,000",PG,Semi-Furnished,Owner,2,No,
https://www.olx.in/en-in/item/pg-guest-houses-c1449-pg-room-1bhk-mohali-59-59-60-phase-5-3-6-7-8-in-sector-59-phase-5-mohali-iid-1808518007,"₹ 6,000",PG,Furnished,Owner,3+,Yes,
https://www.olx.in/en-in/item/pg-guest-houses-c1449-pg-for-boys-near-sector-60-teleperformancr-in-sector-60-phase-3b2-mohali-iid-1808961940,"₹ 6,000",PG,Furnished,Owner,3+,Yes,
https://www.olx.in/en-in/item/pg-guest-houses-c1449-pg-for-boys-near-sec-74-75-ind-area-8b-in-sector-74-mohali-iid-1786567016,"₹ 6,500",PG,Furnished,Owner,3+,Yes,
https://www.olx.in/en-in/item/pg-guest-houses-c1449-boys-pg-house-mohali-in-sector-59-phase-5-mohali-iid-1808079458,"₹ 6,500",PG,Furnished,Owner,1,Yes,
https://www.olx.in/en-in/item/pg-guest-houses-c1449-pg-for-girls-near-hanuman-mandir-phase-3b2-in-sector-60-phase-3b2-mohali-iid-1808897727,"₹ 6,000",PG,Furnished,Owner,3+,Yes,
https://www.olx.in/en-in/item/pg-guest-houses-c1449-rooms-for-rent-in-balongi-in-balongi-mohali-iid-1808853858,"₹ 6,500",PG,Furnished,Owner,0,No,
https://www.olx.in/en-in/item/pg-guest-houses-c1449-pg-for-boys-near-industrial-area-phase-8-sector-60-in-sector-60-phase-3b2-mohali-iid-1808859094,"₹ 6,000",PG,Furnished,Owner,3+,Yes,
https://www.olx.in/en-in/item/pg-guest-houses-c1449-need-1-roommate-for-boy-girl-in-balongi-mohali-iid-1808879972,"₹ 2,000",Roommate,Semi-Furnished,Owner,1,Yes,
https://www.olx.in/en-in/item/pg-guest-houses-c1449-3b2-room-for-boys-in-sector-60-phase-3b2-mohali-iid-1808793841,"₹ 6,500",PG,Furnished,Owner,0,No,
https://www.olx.in/en-in/item/pg-guest-houses-c1449-girls-pg-3b2-mohali-in-sector-60-phase-3b2-mohali-iid-1808850117,"₹ 4,000",PG,Furnished,Owner,3+,No,
https://www.olx.in/en-in/item/pg-guest-houses-c1449-pg-for-boys-opp-ind-area-sec-74-in-sector-74-mohali-iid-1790831336,"₹ 6,500",PG,Furnished,Owner,3+,Yes,
https://www.olx.in/en-in/item/pg-guest-houses-c1449-furnished-pg-for-girls-in-sec-597170-near-to-ind-area-8bsec-7475-in-sector-74-mohali-iid-1753360711,"₹ 6,500",PG,Furnished,Owner,3+,No,
https://www.olx.in/en-in/item/pg-guest-houses-c1449-girls-pg-3b2-kanal-house-in-sector-60-phase-3b2-mohali-iid-1805172165,"₹ 6,000",PG,Furnished,Owner,2,Yes,
https://www.olx.in/en-in/item/pg-guest-houses-c1449-pg-for-boys-sector-58-70-71-74-withfood-in-sector-59-phase-5-mohali-iid-1808612905,"₹ 5,500",Roommate,Furnished,Owner,3+,Yes,
https://www.olx.in/en-in/item/pg-guest-houses-c1449-pg-for-girls-without-food-in-phase-1-mohali-iid-1805574783,"₹ 5,500",PG,Furnished,Owner,2,No,
https://www.olx.in/en-in/item/pg-guest-houses-c1449-luxury-pg-for-boys-in-phase-7-near-yps-chowk-in-sector-61-mohali-iid-1808816433,"₹ 6,500",PG,Furnished,Owner,,Yes,
https://www.olx.in/en-in/item/pg-guest-houses-c1449-pg-for-boys-in-sector-61-mohali-iid-1808778741,"₹ 7,000",PG,Furnished,Owner,2,Yes,
https://www.olx.in/en-in/item/pg-guest-houses-c1449-rooms-with-attached-bathroom-and-kitchen-in-balongi-mohali-iid-1808793448,"₹ 4,500",PG,Furnished,Owner,0,No,
https://www.olx.in/en-in/item/pg-guest-houses-c1449-luxury-pg-for-girls-in-sec-59-opp-sec-74-ind-area-8b-in-sector-74-mohali-iid-1782781170,"₹ 6,500",PG,Furnished,Owner,3+,No,
https://www.olx.in/en-in/item/pg-guest-houses-c1449-pg-for-boys-near-sec-74-75-8b-in-sector-74-mohali-iid-1797442170,"₹ 6,500",PG,Furnished,Owner,3+,Yes,
https://www.olx.in/en-in/item/pg-guest-houses-c1449-pg-for-girls-indipendent-sector-60-industrial-area-phase-8-in-sector-60-phase-3b2-mohali-iid-1808726210,"₹ 5,500",PG,Furnished,Owner,3+,,
https://www.olx.in/en-in/item/pg-guest-houses-c1449-pg-for-boys-no-timming-issue-in-sector-60-phase-3b2-mohali-iid-1807366189,"₹ 5,800",PG,Furnished,Owner,1,Yes,
https://www.olx.in/en-in/item/pg-guest-houses-c1449-independent-pg-for-boys-in-sector-70-mohali-iid-1808725115,"₹ 5,500",PG,Furnished,Owner,3+,Yes,
https://www.olx.in/en-in/item/pg-guest-houses-c1449-pg-for-boys-near-sector-58-59-74-75-in-industrial-area-phase-7-mohali-iid-1808515433,"₹ 5,500",PG,Furnished,Owner,3+,Yes,
https://www.olx.in/en-in/item/pg-guest-houses-c1449-pg-for-boys-sector-58-59-60-61-phase-1-3-5-7-8-in-sector-59-phase-5-mohali-iid-1808102199,"₹ 5,500",PG,Furnished,Owner,3+,Yes,
https://www.olx.in/en-in/item/pg-guest-houses-c1449-ac-pg-for-girls-with-food-wifi-washing-machine-invite-sector-60-mohali-in-sector-60-phase-3b2-mohali-iid-1808709242,"₹ 5,500",PG,Furnished,Owner,3,Yes,
https://www.olx.in/en-in/item/pg-guest-houses-c1449-pg-for-boys-in-mohali-sector-59-60-and-61-only-6000-with-food-in-sector-60-mohali-iid-1808706372,"₹ 6,000",PG,Furnished,Owner,,Yes,
https://www.olx.in/en-in/item/pg-guest-houses-c1449-need-flatmate-in-sector-79-mohali-iid-1808706177,"₹ 14,000",Roommate,Furnished,Owner,,No,
https://www.olx.in/en-in/item/pg-guest-houses-c1449-looking-for-room-mate-in-sector-53-mohali-iid-1808705747,"₹ 3,000",Roommate,Furnished,Owner,0,No,
https://www.olx.in/en-in/item/pg-guest-houses-c1449-pg-for-girls-with-best-food-247-gate-entry-in-sector-61-mohali-iid-1808687073,"₹ 6,000",PG,Furnished,Owner,3+,Yes,
https://www.olx.in/en-in/item/pg-guest-houses-c1449-best-pg-for-girls-sector-67-in-sector-67-mohali-iid-1808684353,"₹ 5,500",PG,Furnished,Owner,1,No,
https://www.olx.in/en-in/item/pg-guest-houses-c1449-best-pg-for-girls-sec-74-75-8b-in-sector-74-mohali-iid-1794308706,"₹ 7,000",PG,Furnished,Owner,3+,Yes,
https://www.olx.in/en-in/item/pg-guest-houses-c1449-pg-accomadation-for-girls-only-in-sector-748b-mohali-in-sector-74-mohali-iid-1807363841,"₹ 5,000",PG,Furnished,Owner,0,No,
https://www.olx.in/en-in/item/pg-guest-houses-c1449-room-for-rent-in-bar-majra-mohali-iid-1808622486,"₹ 5,500",PG,Semi-Furnished,Owner,0,No,
https://www.olx.in/en-in/item/pg-guest-houses-c1449-fully-furnished-pg-for-girls-in-sector-60-phase-3b2-mohali-iid-1808620164,"₹ 5,500",PG,Furnished,Owner,3+,Yes,
https://www.olx.in/en-in/item/pg-guest-houses-c1449-pg-for-boys-sector-58-59-60-61-phase-1-3-5-7-8-in-industrial-area-phase-3-mohali-iid-1807138804,"₹ 5,500",PG,Furnished,Owner,3+,Yes,
https://www.olx.in/en-in/item/pg-guest-houses-c1449-pg-for-boys-sector-58-59-74-75-phase-1-3-5-7-8-in-industrial-area-phase-8b-mohali-iid-1807885766,"₹ 5,500",PG,,Owner,3+,Yes,
https://www.olx.in/en-in/item/pg-guest-houses-c1449-rooms-in-mauli-badwan-sector-80-in-industrial-area-phase-3-mohali-iid-1808610863,"₹ 7,500",PG,Furnished,Owner,0,No,
https://www.olx.in/en-in/item/pg-guest-houses-c1449-independent-pg-for-girls-in-phase-3-mohali-6500month-in-sector-60-mohali-iid-1808607464,"₹ 6,500",PG,Furnished,Owner,,Yes,
https://www.olx.in/en-in/item/pg-guest-houses-c1449-sharing-room-available-for-only-girl-fully-independent-in-sector-71-mohali-iid-1808012920,"₹ 6,500",Roommate,Furnished,Owner,1,No,
https://www.olx.in/en-in/item/pg-guest-houses-c1449-pg-for-girls-in-sector-61-mohali-iid-1808600711,"₹ 8,500",PG,Furnished,Owner,1,Yes,
https://www.olx.in/en-in/item/pg-guest-houses-c1449-girls-pg-without-food-phase-5-wifi-in-sector-59-phase-5-mohali-iid-1808591634,"₹ 3,600",PG,Furnished,Owner,0,No,
https://www.olx.in/en-in/item/pg-guest-houses-c1449-providing-well-furnished-furniturewashroom-fridge-in-kumbra-6-part-mohali-iid-1808574228,"₹ 6,000",Roommate,Furnished,Owner,1,No,
https://www.olx.in/en-in/item/pg-guest-houses-c1449-pg-for-boys-indipendent-near-janta-marktnear-industrial-area-phase-8-in-industrial-area-phase-8-mohali-iid-1808541741,"₹ 5,500",PG,Furnished,Owner,3+,Yes,
https://www.olx.in/en-in/item/pg-guest-houses-c1449-brand-newrooms-for-rent-with-attached-washroom-and-kitchen-in-sector-86-mohali-iid-1808142562,"₹ 7,500",PG,Furnished,Dealer,,No,
https://www.olx.in/en-in/item/pg-guest-houses-c1449-pg-for-girls-with-food-near-industrial-area-phase-8-in-industrial-area-phase-8-mohali-iid-1808541061,"₹ 6,000",PG,Furnished,Owner,3+,Yes,
https://www.olx.in/en-in/item/pg-guest-houses-c1449-boys-pg-mohali-sector-6365-near-market-in-sector-63-mohali-iid-1797623000,"₹ 6,500",PG,Furnished,Owner,1,Yes,
https://www.olx.in/en-in/item/pg-guest-houses-c1449-indipendent-room-rent-boys-girls-couples-phase-5-main-market-mohali-in-sector-59-phase-5-mohali-iid-1806972050,"₹ 6,000",PG,Furnished,Owner,0,No,
https://www.olx.in/en-in/item/pg-guest-houses-c1449-best-budget-pg-for-boys-with-food-starts-at-just-5000-in-sector-59-phase-5-mohali-iid-1808509227,"₹ 5,000",PG,Furnished,Owner,,Yes,
https://www.olx.in/en-in/item/pg-guest-houses-c1449-to-let-for-girls-include-ac-in-sector-61-mohali-iid-1808480305,"₹ 3,500",PG,Furnished,Owner,1,Yes,
https://www.olx.in/en-in/item/pg-guest-houses-c1449-rooms-for-rent-in-landran-sec-93-in-landran-mohali-iid-1808453271,"₹ 7,500",PG,Semi-Furnished,Owner,0,No,
https://www.olx.in/en-in/item/pg-guest-houses-c1449-pg-for-boys-sector-58-59-74-75-phase-1-3-5-7-8-in-sector-74-mohali-iid-1807774634,"₹ 5,500",PG,Furnished,Owner,3+,Yes,
https://www.olx.in/en-in/item/pg-guest-houses-c1449-indipendent-pg-for-girls-with-food-in-sector-60-phase-3b2-mohali-iid-1808408271,"₹ 5,000",PG,Furnished,Owner,3+,Yes,
https://www.olx.in/en-in/item/pg-guest-houses-c1449-pg-for-boys-with-food-in-sector-60-phase-3b2-mohali-iid-1808407913,"₹ 5,000",PG,Furnished,Owner,3+,Yes,
https://www.olx.in/en-in/item/pg-guest-houses-c1449-2bhk-flat-fullyfurnchied-mohali-sec-80-need-h-3-girls-good-person-in-sector-80-mohali-iid-1808397593,"₹ 30,000",Roommate,Furnished,Owner,1,No,
https://www.olx.in/en-in/item/pg-guest-houses-c1449-single-room-need-room-mate-only-for-girls-in-balongi-mohali-iid-1808386171,"₹ 3,000",PG,Furnished,Owner,1,No,
https://www.olx.in/en-in/item/pg-guest-houses-c1449-girls-best-pg-in-kharar-including-three-times-fresh-food-with-wifi-ac-in-sector-126-kharar-iid-1808384677,"₹ 6,500",PG,Furnished,Owner,1,Yes,
https://www.olx.in/en-in/item/pg-guest-houses-c1449-i-need-roommate-only-girl-in-sector-78-mohali-iid-1808382717,"₹ 4,500",Roommate,Furnished,Owner,0,No,
https://www.olx.in/en-in/item/pg-guest-houses-c1449-only-rent-3000-per-person-7-phase-mohali-in-sector-61-mohali-iid-1808379023,"₹ 3,000",PG,Furnished,Owner,0,No,
https://www.olx.in/en-in/item/pg-guest-houses-c1449-contact-me-call-me-in-bar-majra-mohali-iid-1807746868,"₹ 2,200",Roommate,Semi-Furnished,Builder,1,Yes,
https://www.olx.in/en-in/item/pg-guest-houses-c1449-with-food-boys-pg-phase-9-near-bestech-business-tower-in-sector-63-mohali-iid-1798012170,"₹ 7,000",PG,Furnished,Owner,1,Yes,
https://www.olx.in/en-in/item/pg-guest-houses-c1449-accommodation-for-girls-only-in-sector-59-phase-5-mohali-iid-1808332911,"₹ 3,000",PG,Furnished,Owner,1,No,
https://www.olx.in/en-in/item/pg-guest-houses-c1449-pg-for-girls-in-sector-71-mohali-iid-1808326178,"₹ 6,500",PG,Furnished,Owner,2,Yes,
https://www.olx.in/en-in/item/pg-guest-houses-c1449-independent-pg-for-boys-in-sector-60-phase-3b2-mohali-iid-1808313459,"₹ 5,500",PG,Furnished,Owner,3+,Yes,
https://www.olx.in/en-in/item/pg-guest-houses-c1449-fully-furnished-pg-for-girls-in-sector-60-phase-3b2-mohali-iid-1808313118,"₹ 6,500",PG,Furnished,Owner,3+,Yes,
https://www.olx.in/en-in/item/pg-guest-houses-c1449-sandhu-complex-ekta-colony-belongi-kharar-mohali-punjab-in-balongi-mohali-iid-1808309054,"₹ 7,000",PG,Furnished,Owner,0,No,
https://www.olx.in/en-in/item/pg-guest-houses-c1449-pg-for-boys-in-sector-64-phase-10-mohali-in-sector-64-mohali-iid-1808304330,"₹ 3,800",PG,Furnished,Owner,2,No,
https://www.olx.in/en-in/item/pg-guest-houses-c1449-1bhk-with-washroom-kitchen-and-tares-in-bhago-majra-mohali-iid-1808270686,"₹ 9,000",PG,Semi-Furnished,Owner,2,No,
https://www.olx.in/en-in/item/pg-guest-houses-c1449-full-furnished-2-seperate-rooms-with-common-kitchen-hall-washroom-in-chapar-chiri-mohali-iid-1806794335,"₹ 17,000",PG,Furnished,Owner,2,Yes,
https://www.olx.in/en-in/item/pg-guest-houses-c1449-1bhk-independent-flat-available-for-rent-in-sector-53-chandigarh-iid-1808266211,"₹ 3,000",Roommate,Semi-Furnished,Owner,2,No,
https://www.olx.in/en-in/item/pg-guest-houses-c1449-pg-for-boys-with-food-sector-70-in-sector-70-mohali-iid-1808244055,"₹ 5,500",PG,Furnished,Owner,3+,Yes,
https://www.olx.in/en-in/item/pg-guest-houses-c1449-pg-for-boys-nd-girls-in-sector-59-mohali-iid-1804112824,"₹ 6,000",PG,Furnished,Owner,3+,Yes,
https://www.olx.in/en-in/item/pg-guest-houses-c1449-pg-for-boys-in-sector-59-mohali-iid-1764240319,"₹ 5,999",PG,Furnished,Owner,3,Yes,
https://www.olx.in/en-in/item/pg-guest-houses-c1449-luxury-boys-pg-food-fully-ac-washing-machine-7000-in-sector-61-mohali-iid-1808200008,"₹ 7,000",PG,Furnished,Owner,,Yes,
https://www.olx.in/en-in/item/pg-guest-houses-c1449-one-room-set-with-attached-kitchen-in-sector-126-kharar-iid-1808199306,"₹ 6,000",PG,Semi-Furnished,Owner,1,No,
https://www.olx.in/en-in/item/pg-guest-houses-c1449-pg-for-girls-near-hanuman-mandir-sector-60-phase-3b2-in-sector-60-phase-3b2-mohali-iid-1808196144,"₹ 6,000",PG,Furnished,Owner,3+,Yes,
https://www.olx.in/en-in/item/pg-guest-houses-c1449-pg-for-girls-in-sector-71-mohali-iid-1805085924,"₹ 8,000",PG,Furnished,Owner,3+,Yes,
https://www.olx.in/en-in/item/pg-guest-houses-c1449-boys-pg-in-3b2-best-area-of-mohali-in-sector-60-phase-3b2-mohali-iid-1808174941,"₹ 6,500",PG,Furnished,Owner,,Yes,
https://www.olx.in/en-in/item/pg-guest-houses-c1449-independent-pg-for-boys-in-mohali-in-industrial-area-phase-8-mohali-iid-1783028009,"₹ 6,500",PG,Furnished,Owner,1,Yes,
https://www.olx.in/en-in/item/pg-guest-houses-c1449-with-food-pg-in-mohali-in-industrial-area-phase-8-mohali-iid-1785796236,"₹ 6,500",PG,Furnished,Owner,1,Yes,
https://www.olx.in/en-in/item/pg-guest-houses-c1449-newly-built-pg-for-boys-in-mohali-in-industrial-area-phase-3-mohali-iid-1790915623,"₹ 8,000",PG,Furnished,Owner,1,Yes,
https://www.olx.in/en-in/item/pg-guest-houses-c1449-pg-for-boys-in-industrial-area-phase-8-mohali-iid-1801159772,"₹ 6,500",PG,Furnished,Owner,1,Yes,
https://www.olx.in/en-in/item/pg-guest-houses-c1449-udhaye-complex-near-magnum-hotal-balongi-in-balongi-mohali-iid-1808140952,"₹ 6,500",PG,Furnished,Owner,3+,,
https://www.olx.in/en-in/item/pg-guest-houses-c1449-pg-boys-and-girls-in-mauli-baidwan-sector-80-mohali-in-sector-80-mohali-iid-1808133786,"₹ 8,000",PG,Furnished,Owner,0,,
https://www.olx.in/en-in/item/pg-guest-houses-c1449-i-need-roommate-for-boy-age-20to24-in-phase-1-mohali-iid-1808129522,"₹ 3,500",Roommate,Furnished,Owner,0,,
https://www.olx.in/en-in/item/pg-guest-houses-c1449-1-room-1-room-set-sharing-room-in-mauli-mohali-iid-1793797768,"₹ 4,000",Roommate,Semi-Furnished,Owner,1,No,
https://www.olx.in/en-in/item/pg-guest-houses-c1449-pg-for-girls-sector-64-65-phase-1011-mohali-in-sector-64-mohali-iid-1808114946,"₹ 2,500",PG,Furnished,Owner,2,,
https://www.olx.in/en-in/item/pg-guest-houses-c1449-2-bhk-flat-in-sohana-village-mohali-iid-1808105037,"₹ 12,000",PG,Semi-Furnished,Owner,0,No,
https://www.olx.in/en-in/item/pg-guest-houses-c1449-pg-for-boys-sector-58-59-74-75-phase-1-3-5-7-8-in-sector-59-phase-5-mohali-iid-1807242778,"₹ 5,500",PG,Furnished,Owner,3+,Yes,
https://www.olx.in/en-in/item/pg-guest-houses-c1449-pg-for-boys-with-food-in-sector-60-phase-3b2-mohali-iid-1808093889,"₹ 5,500",PG,Furnished,Owner,3+,Yes,
https://www.olx.in/en-in/item/pg-guest-houses-c1449-pg-for-girls-with-food-in-sector-60-phase-3b2-mohali-iid-1808092054,"₹ 6,000",PG,Furnished,Owner,3+,Yes,
https://www.olx.in/en-in/item/pg-guest-houses-c1449-single-room-for-girl-l-in-sector-118-mohali-iid-1808084370,"₹ 7,500",PG,Furnished,Owner,,No,
https://www.olx.in/en-in/item/pg-guest-houses-c1449-pg-boys-in-67-sector-in-sector-67-mohali-iid-1808057813,"₹ 5,000",PG,Furnished,Owner,3+,,
https://www.olx.in/en-in/item/pg-guest-houses-c1449-1-room-fully-furnished-for-girls-in-sector-60-phase-3b2-mohali-iid-1808054815,"₹ 12,000",PG,Furnished,Owner,0,No,
https://www.olx.in/en-in/item/pg-guest-houses-c1449-pg-for-boys-phase-4no-timing-issue-in-sector-59-mohali-iid-1803289788,"₹ 5,999",PG,Furnished,Owner,3+,Yes,
https://www.olx.in/en-in/item/pg-guest-houses-c1449-pg-for-girls-only-in-landran-mohali-iid-1808049670,"₹ 6,300",PG,Furnished,Owner,3,No,
https://www.olx.in/en-in/item/pg-guest-houses-c1449-for-for-boys-independent-house-in-sector-61-mohali-iid-1808041828,"₹ 6,000",PG,Furnished,Owner,3,Yes,
https://www.olx.in/en-in/item/pg-guest-houses-c1449-room-on-rent-only-for-girls-totel-rent-7000-in-sector-71-mohali-iid-1808015710,"₹ 7,000",Roommate,Semi-Furnished,,0,No,
https://www.olx.in/en-in/item/pg-guest-houses-c1449-pg-for-boys-girls-in-sector-59-phase-5-mohali-iid-1807999832,"₹ 6,000",PG,Furnished,Owner,3+,Yes,
https://www.olx.in/en-in/item/pg-guest-houses-c1449-one-room-sat-roomate-in-sector-41d-chandigarh-iid-1796446578,"₹ 4,000",Roommate,Furnished,Owner,0,Yes,
https://www.olx.in/en-in/item/pg-guest-houses-c1449-independent-pg-for-boys-in-sector-60-phase-3b2-mohali-iid-1807981260,"₹ 5,500",PG,Furnished,Owner,3+,Yes,
https://www.olx.in/en-in/item/pg-guest-houses-c1449-fully-furnished-pg-for-girls-in-sector-60-phase-3b2-mohali-iid-1807981071,"₹ 6,000",PG,Furnished,Owner,3+,Yes,
https://www.olx.in/en-in/item/pg-guest-houses-c1449-a1-boys-pg-in-3b2-mohali-with-food-only-5500-in-sector-60-phase-3b2-mohali-iid-1807979419,"₹ 5,500",PG,Furnished,Owner,,Yes,
https://www.olx.in/en-in/item/pg-guest-houses-c1449-pg-for-boys-with-food-in-phase-7-only-6000-in-sector-61-mohali-iid-1807979085,"₹ 6,000",PG,Furnished,Owner,,Yes,
https://www.olx.in/en-in/item/pg-guest-houses-c1449-boys-pg-in-mohali-in-industrial-area-phase-8-mohali-iid-1801816527,"₹ 6,500",PG,Furnished,Owner,1,Yes,
https://www.olx.in/en-in/item/pg-guest-houses-c1449-newly-built-girls-pg-near-phase-8-mohali-in-industrial-area-phase-8-mohali-iid-1801818593,"₹ 8,000",PG,Furnished,Owner,0,Yes,
https://www.olx.in/en-in/item/pg-guest-houses-c1449-room-sharing-available-for-girls-in-sector-120-mohali-iid-1807938149,"₹ 6,500",Roommate,Semi-Furnished,Owner,1,Yes,
https://www.olx.in/en-in/item/pg-guest-houses-c1449-pg-for-girls-5500-with-ac-in-sector-60-phase-3b2-mohali-iid-1807924216,"₹ 6,000",PG,Furnished,Owner,2,Yes,
https://www.olx.in/en-in/item/pg-guest-houses-c1449-pg-for-girls-ac-rooms-3-time-food-night-shift-allow-in-sector-69-mohali-iid-1806862805,"₹ 6,000",PG,Furnished,Owner,2,Yes,
https://www.olx.in/en-in/item/pg-guest-houses-c1449-pg-for-boys-only-in-phase-1-mohali-iid-1807876927,"₹ 3,500",PG,Furnished,Owner,0,No,
https://www.olx.in/en-in/item/pg-guest-houses-c1449-boy-girl-sharing-in-sohana-village-mohali-iid-1807867782,"₹ 3,500",PG,Furnished,Dealer,1,Yes,
https://www.olx.in/en-in/item/pg-guest-houses-c1449-good-room-attach-bathroom-good-condition-room-in-balongi-mohali-iid-1807865540,"₹ 2,500",PG,Semi-Furnished,Owner,0,No,
https://www.olx.in/en-in/item/pg-guest-houses-c1449-pg-for-boys-ac-fridge-kitchenground-floor-in-phase-1-mohali-iid-1803667998,"₹ 5,000",PG,Furnished,Owner,1,No,
https://www.olx.in/en-in/item/pg-guest-houses-c1449-pg-for-boys-in-sector-61-mohali-iid-1807832402,"₹ 7,000",PG,Furnished,Owner,2,Yes,
https://www.olx.in/en-in/item/pg-guest-houses-c1449-pg-for-girls-centrally-located-in-sector-71-mohali-iid-1784066870,"₹ 4,500",PG,Furnished,Owner,,No,
https://www.olx.in/en-in/item/pg-guest-houses-c1449-pg-for-boys-sector-58-59-74-75-phase-1-3-5-7-8-mohali-in-industrial-area-phase-8b-mohali-iid-1807452345,"₹ 5,500",PG,Furnished,Owner,3+,Yes,
https://www.olx.in/en-in/item/pg-guest-houses-c1449-pg-for-boys-with-food-in-sector-60-phase-3b2-mohali-iid-1807771813,"₹ 6,000",PG,Furnished,Owner,3+,Yes,
https://www.olx.in/en-in/item/pg-guest-houses-c1449-independent-pg-for-girls-in-sector-60-phase-3b2-mohali-iid-1807771437,"₹ 7,000",PG,Furnished,Owner,3+,Yes,
https://www.olx.in/en-in/item/pg-guest-houses-c1449-pg-available-for-girl-will-be-offered-homely-food-and-environment-in-sector-114-mohali-iid-1807768480,"₹ 11,000",PG,Furnished,Owner,1,Yes,
https://www.olx.in/en-in/item/pg-guest-houses-c1449-fully-furnished-pg-for-boys-in-industrial-area-phase-8-mohali-iid-1807675346,"₹ 5,500",PG,Furnished,Owner,3+,Yes,
https://www.olx.in/en-in/item/pg-guest-houses-c1449-pg-for-boys-sector-58-59-74-75-phase-1-3-5-7-8-in-sector-59-phase-5-mohali-iid-1807670433,"₹ 5,500",PG,Furnished,Owner,3+,Yes,
https://www.olx.in/en-in/item/pg-guest-houses-c1449-pg-for-girls-near-phase-3b2-sector-60-excellence-technology-a2it-in-industrial-area-phase-8-mohali-iid-1807668240,"₹ 5,500",PG,Furnished,Owner,3+,Yes,
https://www.olx.in/en-in/item/pg-guest-houses-c1449-two-seater-pg-room-with-food-for-girls-in-phase-2-sector-54-mohali-in-phase-2-mohali-iid-1807656337,"₹ 6,500",PG,Furnished,Owner,,Yes,
https://www.olx.in/en-in/item/pg-guest-houses-c1449-need-a-roommate-in-sector-74-mohali-iid-1807644434,N/A,,,,,,Main content missing
https://www.olx.in/en-in/item/pg-guest-houses-c1449-pg-for-boys-with-food-in-sector-60-phase-3b2-mohali-iid-1807569029,"₹ 5,500",PG,Furnished,Owner,3+,Yes,
https://www.olx.in/en-in/item/pg-guest-houses-c1449-pg-for-girls-with-food-in-sector-60-phase-3b2-mohali-iid-1807568759,"₹ 6,500",PG,Furnished,Owner,3+,Yes,
https://www.olx.in/en-in/item/pg-guest-houses-c1449-ac-and-non-ac-all-property-available-in-sector-80-mohali-iid-1807563794,"₹ 6,500",PG,Furnished,Owner,3,No,
https://www.olx.in/en-in/item/pg-guest-houses-c1449-room-for-rent-in-sante-majra-kharar-iid-1807544357,"₹ 11,000",Roommate,Furnished,Owner,1,No,
https://www.olx.in/en-in/item/pg-guest-houses-c1449-1-ac-furnished-room-with-kitchen-in-sas-nagar-punjab-iid-1807505106,"₹ 5,000",Roommate,Furnished,Owner,1,No,
https://www.olx.in/en-in/item/pg-guest-houses-c1449-hotel-12-rooms-available-mohali-rent-135-lakh-in-sector-64-mohali-iid-1807497557,"₹ 1,35,000",Guest Houses,Furnished,Dealer,3+,No,
https://www.olx.in/en-in/item/pg-guest-houses-c1449-pg-for-girls-7-phase-sector-61-mohali-in-sector-61-mohali-iid-1768310281,"₹ 6,500",PG,Furnished,Owner,2,Yes,
https://www.olx.in/en-in/item/pg-guest-houses-c1449-tolet-pg-independent-fully-furnished-acnon-ac-room-in-sector-118-mohali-iid-1807472670,"₹ 6,000",PG,Furnished,Owner,3+,No,
https://www.olx.in/en-in/item/pg-guest-houses-c1449-pg-for-boys-and-girls-in-mohali-in-industrial-area-phase-8-mohali-iid-1783428702,"₹ 6,500",PG,Furnished,Owner,1,Yes,
https://www.olx.in/en-in/item/pg-guest-houses-c1449-fully-furnished-pg-for-boys-in-mohali-in-industrial-area-phase-8b-mohali-iid-1801159717,"₹ 7,500",PG,Furnished,Owner,1,Yes,
https://www.olx.in/en-in/item/pg-guest-houses-c1449-pg-for-boys-near-phase-industrial-area-mohali-in-industrial-area-phase-8b-mohali-iid-1802770579,"₹ 7,500",PG,Furnished,Owner,1,Yes,
https://www.olx.in/en-in/item/pg-guest-houses-c1449-pg-for-boys-in-mohali-in-industrial-area-phase-8-mohali-iid-1803190234,"₹ 7,500",PG,Furnished,Owner,1,Yes,
https://www.olx.in/en-in/item/pg-guest-houses-c1449-need-girl-room-mate-phase-9-mohali-in-sector-63-mohali-iid-1807463412,"₹ 4,000",Roommate,Furnished,Owner,0,No,
https://www.olx.in/en-in/item/pg-guest-houses-c1449-pg-for-boys-food-industrial-area-phase-8-excellence-tech-a2it-in-industrial-area-phase-8-mohali-iid-1807456093,"₹ 5,500",PG,Furnished,Owner,3+,Yes,
https://www.olx.in/en-in/item/pg-guest-houses-c1449-fully-furnished-pg-for-girls-in-sector-60-phase-3b2-mohali-iid-1807452861,"₹ 7,000",PG,Furnished,Owner,3+,Yes,
https://www.olx.in/en-in/item/pg-guest-houses-c1449-hotel-for-rent-in-sector-41a-chandigarh-iid-1807449970,"₹ 1,50,000",Guest Houses,Furnished,Owner,3+,No,
https://www.olx.in/en-in/item/pg-guest-houses-c1449-required-for-rent-in-sector-59-phase-5-mohali-iid-1807447708,"₹ 3,500",PG,Furnished,Owner,1,No,
https://www.olx.in/en-in/item/pg-guest-houses-c1449-fully-furnished-room-in-balongi-mohali-iid-1807408635,N/A,,,,,,"Page.goto: Timeout 60000ms exceeded.
Call log:
  - navigating to ""https://www.olx.in/en-in/item/pg-guest-houses-c1449-fully-furnished-room-in-balongi-mohali-iid-1807408635"", waiting until ""load""
"
https://www.olx.in/en-in/item/pg-guest-houses-c1449-furnished-pg-for-girls-in-mohali-phase-6-in-sector-56-chandigarh-iid-1807400839,"₹ 5,000",PG,Furnished,Owner,1,No,
https://www.olx.in/en-in/item/pg-guest-houses-c1449-hygiene-pg-for-boys-and-girls-in-sec-59607065-near-to-ph-88b-b-in-industrial-area-phase-8b-mohali-iid-1807385667,N/A,,,,,,"Page.goto: net::ERR_CONNECTION_RESET at https://www.olx.in/en-in/item/pg-guest-houses-c1449-hygiene-pg-for-boys-and-girls-in-sec-59607065-near-to-ph-88b-b-in-industrial-area-phase-8b-mohali-iid-1807385667
Call log:
  - navigating to ""https://www.olx.in/en-in/item/pg-guest-houses-c1449-hygiene-pg-for-boys-and-girls-in-sec-59607065-near-to-ph-88b-b-in-industrial-area-phase-8b-mohali-iid-1807385667"", waiting until ""load""
"
https://www.olx.in/en-in/item/pg-guest-houses-c1449-pg-for-boys-in-sector-70-mohali-iid-1807380083,"₹ 6,500",PG,Furnished,Owner,3+,Yes,
https://www.olx.in/en-in/item/pg-guest-houses-c1449-girls-pg-with-food-only-6500-phase-3-in-sector-53-mohali-iid-1807355584,"₹ 6,500",PG,Furnished,Owner,,Yes,
https://www.olx.in/en-in/item/pg-guest-houses-c1449-best-budget-pg-in-mohali-with-food-only-5500-in-sector-59-phase-5-mohali-iid-1807355255,N/A,,,,,,"Page.goto: Timeout 60000ms exceeded.
Call log:
  - navigating to ""https://www.olx.in/en-in/item/pg-guest-houses-c1449-best-budget-pg-in-mohali-with-food-only-5500-in-sector-59-phase-5-mohali-iid-1807355255"", waiting until ""load""
"
https://www.olx.in/en-in/item/pg-guest-houses-c1449-pg-for-boys-with-food-only-6000-in-sector-60-phase-3b2-mohali-iid-1807354798,N/A,,,,,,"Page.goto: net::ERR_NAME_NOT_RESOLVED at https://www.olx.in/en-in/item/pg-guest-houses-c1449-pg-for-boys-with-food-only-6000-in-sector-60-phase-3b2-mohali-iid-1807354798
Call log:
  - navigating to ""https://www.olx.in/en-in/item/pg-guest-houses-c1449-pg-for-boys-with-food-only-6000-in-sector-60-phase-3b2-mohali-iid-1807354798"", waiting until ""load""
"
https://www.olx.in/en-in/item/pg-guest-houses-c1449-pg-for-girls-near-industrial-area-phase-8b-excellence-technology-a2it-in-sector-60-phase-3b2-mohali-iid-1807348137,"₹ 6,000",PG,Furnished,Owner,3,Yes,
